{
    "music.custom.the_childhood": {
        "sounds": [
            {
                "name": "music/custom/the_childhood",
                "stream": true
            }
        ]
    },
    "music.custom.cursed_playground": {
        "sounds": [
            {
                "name": "music/custom/cursed_playground",
                "stream": true
            }
        ]
    },
    "music.custom.hollow_garden": {
        "sounds": [
            {
                "name": "music/custom/hollow_garden",
                "stream": true
            }
        ]
    },
    "music.custom.lost_in_the_firmament": {
        "sounds": [
            {
                "name": "music/custom/lost_in_the_firmament",
                "stream": true
            }
        ]
    },
    "music.custom.crying_abyss": {
        "sounds": [
            {
                "name": "music/custom/crying_abyss",
                "stream": true
            }
        ]
    },
    "music.custom.warped_abyss": {
        "sounds": [
            {
                "name": "music/custom/warped_abyss",
                "stream": true
            }
        ]
    },
    "music.custom.fragments": {
        "sounds": [
            {
                "name": "music/custom/fragments",
                "stream": true
            }
        ]
    },
    "music.custom.those_who_couldn_t": {
        "sounds": [
            {
                "name": "music/custom/those_who_couldn_t",
                "stream": true
            }
        ]
    },
    "music.custom.the_escape": {
        "sounds": [
            {
                "name": "music/custom/the_escape",
                "stream": true
            }
        ]
    },
    "music.custom.the_journey": {
        "sounds": [
            {
                "name": "music/custom/the_journey",
                "stream": true
            }
        ]
    },
    "music.custom.dreams_come_true": {
        "sounds": [
            {
                "name": "music/custom/dreams_come_true",
                "stream": true
            }
        ]
    },
    "music.custom.point_of_no_return": {
        "sounds": [
            {
                "name": "music/custom/point_of_no_return",
                "stream": true
            }
        ]
    },
    "music.custom.rebirth": {
        "sounds": [
            {
                "name": "music/custom/rebirth",
                "stream": true
            }
        ]
    },
    "music.custom.the_bridge": {
        "sounds": [
            {
                "name": "music/custom/the_bridge",
                "stream": true
            }
        ]
    }
}
